Attack Class,E1 samples,E1 detected,E1 recall,E2 samples,E2 detected,E2 recall
Bot,1416,578,0.4081920903954802,1953,562,0.28776241679467485
DDoS,128013,109276,0.8536320529946178,128013,109264,0.8535383125151352
DoS GoldenEye,10286,10205,0.9921252187439238,10286,10144,0.9861948279214466
DoS Hulk,172714,161398,0.9344812811931864,172719,156498,0.9060844493078353
DoS Slowhttptest,5228,5162,0.9873756694720734,5228,5034,0.9628921193573068
DoS slowloris,5383,5116,0.9503994055359465,5384,5087,0.9448365527488856
Heartbleed,11,11,1.0,11,11,1.0
Infiltration,36,33,0.9166666666666666,36,33,0.9166666666666666
PortScan,1851,750,0.4051863857374392,90255,9194,0.10186693257991247
Web Attack - Brute Force,1470,147,0.1,1470,1286,0.8748299319727891
Web Attack - Sql Injection,21,12,0.5714285714285714,21,12,0.5714285714285714
Web Attack - XSS,652,24,0.03680981595092025,652,626,0.9601226993865031
