Metric,E1 No Port,E2 With Port
Validation F1 (OP-B),0.10977242302543506,0.12333957346183819
Overall Test F1 (OP-B),0.6122875018564499,0.5858380160866349
Overall Precision (OP-B),0.46532759977426097,0.495864892050867
Overall Recall (OP-B),0.8949220529471293,0.7156994240772255
Overall FPR (OP-B),0.317942866650092,0.25649679121638913
Validation F1 (OP-A),0.0,7.093582081611661e-05
Overall Test F1 (OP-A),0.0005010274044096375,0.6263711824777154
Overall Precision (OP-A),0.010206561360874849,0.6265225682795971
Overall Recall (OP-A),0.000256817118695369,0.6262198698164546
Overall FPR (OP-A),0.007700590164306356,0.13158978408707692
Wednesday F1 (OP-B),0.741863713764237,0.7488202651755834
Thursday-Morning F1 (OP-B),0.008535646820121739,0.09849997440229355
Thursday-Afternoon F1 (OP-B),0.0011627702119412979,0.001265022137887413
Friday-Morning F1 (OP-B),0.024035262807717898,0.0258515605234711
Friday-PortScan F1 (OP-B),0.04420736199935163,0.14453361420497865
Friday-DDoS F1 (OP-B),0.7692946700739897,0.7737832622204911
Wednesday PR-AUC,0.8493725126909677,0.86046911086284
Thursday-Morning PR-AUC,0.02248732017556889,0.033836680283079706
Thursday-Afternoon PR-AUC,0.005600147778713573,0.003440379173650862
Friday-Morning PR-AUC,0.014664849668006422,0.01832253040306909
Friday-PortScan PR-AUC,0.03239951715552811,0.5074917439259481
Friday-DDoS PR-AUC,0.6786101621783763,0.654126654170008
